peak,endDate,tgtDate,tgtHhmi,,,
122.56,20190714,20180815,900,,,
122.40,20190714,20180815,915,,,
124,20190714,20180815,930,,,
122.12,20190714,20180815,945,,,
114.64,20190714,20180815,1000,,,
109.44,20190714,20180815,1015,,,
122.24,20190714,20180815,1030,,,
109.88,20190714,20180815,1045,,,
115.04,20190714,20180815,1100,,,
132.64,20190714,20180815,1115,,,
132.04,20190714,20180815,1130,,,
141.84,20190714,20180815,1145,,,
132.76,20190714,20180815,1200,,,
121.40,20190714,20180815,1215,,,
123.84,20190714,20180815,1230,,,
135.36,20190714,20180815,1245,,,
135.80,20190714,20180815,1300,,,
148.04,20190714,20180815,1315,,,
148.48,20190714,20180815,1330,,,
139.84,20190714,20180815,1345,,,
147.16,20190714,20180815,1400,,,
160.72,20190714,20180815,1415,,,
159.12,20190714,20180815,1430,,,
151.76,20190714,20180815,1445,,,
152.36,20190714,20180815,1500,,,
155.96,20190714,20180815,1515,,,
130.76,20190714,20180815,1530,,,
137.24,20190714,20180815,1545,,,
128.88,20190714,20180815,1600,,,
135.80,20190714,20180815,1615,,,
135.36,20190714,20180815,1630,,,
157.40,20190714,20180815,1645,,,
155.52,20190714,20180815,1700,,,
158.56,20190714,20180815,1715,,,
161.28,20190714,20180815,1730,,,
150.32,20190714,20180815,1745,,,
137.68,20190714,20180815,1800,,,
144.28,20190714,20180815,1815,,,
147.44,20190714,20180815,1830,,,
144.16,20190714,20180815,1845,,,
127.00,20190714,20180815,1900,,,
128.88,20190714,20180815,1915,,,
137.68,20190714,20180815,1930,,,
140.56,20190714,20180815,1945,,,
138.40,20190714,20180815,2000,,,
136.96,20190714,20180815,2015,,,
142.40,20190714,20180815,2030,,,
146.44,20190714,20180815,2045,,,
146.16,20190714,20180815,2100,,,
147.60,20190714,20180815,2115,,,
130.04,20190714,20180815,2130,,,
134.80,20190714,20180815,2145,,,
131.32,20190714,20180815,2200,,,
135.08,20190714,20180815,2215,,,
140.24,20190714,20180815,2230,,,
141.28,20190714,20180815,2245,,,
354.52,20190714,20180816,900,,,
402.76,20190714,20180816,915,,,
403.64,20190714,20180816,930,,,
402.04,20190714,20180816,945,,,
380.60,20190714,20180816,1000,,,
381.60,20190714,20180816,1015,,,
410.56,20190714,20180816,1030,,,
407.52,20190714,20180816,1045,,,
412.12,20190714,20180816,1100,,,
403.48,20190714,20180816,1115,,,
409.84,20190714,20180816,1130,,,
424.64,20190714,20180816,1145,,,
410.12,20190714,20180816,1200,,,
370.24,20190714,20180816,1215,,,
288.28,20190714,20180816,1230,,,
285.68,20190714,20180816,1245,,,
309.44,20190714,20180816,1300,,,
345.04,20190714,20180816,1315,,,
388.08,20190714,20180816,1330,,,
386.92,20190714,20180816,1345,,,
370.96,20190714,20180816,1400,,,
400.16,20190714,20180816,1415,,,
398.32,20190714,20180816,1430,,,
401.32,20190714,20180816,1445,,,
393.84,20190714,20180816,1500,,,
413.00,20190714,20180816,1515,,,
399.16,20190714,20180816,1530,,,
410.12,20190714,20180816,1545,,,
404.08,20190714,20180816,1600,,,
402.64,20190714,20180816,1615,,,
389.52,20190714,20180816,1630,,,
385.76,20190714,20180816,1645,,,
378.00,20190714,20180816,1700,,,
251.56,20190714,20180816,1715,,,
177.56,20190714,20180816,1730,,,
168.04,20190714,20180816,1745,,,
160.28,20190714,20180816,1800,,,
161.12,20190714,20180816,1815,,,
166.76,20190714,20180816,1830,,,
178.00,20190714,20180816,1845,,,
151.04,20190714,20180816,1900,,,
165.60,20190714,20180816,1915,,,
164.32,20190714,20180816,1930,,,
163.88,20190714,20180816,1945,,,
150.64,20190714,20180816,2000,,,
134.92,20190714,20180816,2015,,,
143.84,20190714,20180816,2030,,,
138.08,20190714,20180816,2045,,,
129.04,20190714,20180816,2100,,,
125.84,20190714,20180816,2115,,,
135.92,20190714,20180816,2130,,,
128.60,20190714,20180816,2145,,,
134.20,20190714,20180816,2200,,,
136.36,20190714,20180816,2215,,,
135.08,20190714,20180816,2230,,,
134.48,20190714,20180816,2245,,,
340.72,20190714,20180817,900,,,
340.84,20190714,20180817,915,,,
330.32,20190714,20180817,930,,,
337.84,20190714,20180817,945,,,
356.68,20190714,20180817,1000,,,
373.68,20190714,20180817,1015,,,
382.76,20190714,20180817,1030,,,
349.92,20190714,20180817,1045,,,
395.28,20190714,20180817,1100,,,
408.24,20190714,20180817,1115,,,
401.32,20190714,20180817,1130,,,
419.32,20190714,20180817,1145,,,
413.28,20190714,20180817,1200,,,
357.12,20190714,20180817,1215,,,
251.72,20190714,20180817,1230,,,
320.68,20190714,20180817,1245,,,
330.32,20190714,20180817,1300,,,
369.36,20190714,20180817,1315,,,
417.88,20190714,20180817,1330,,,
406.64,20190714,20180817,1345,,,
468.44,20190714,20180817,1400,,,
486.16,20190714,20180817,1415,,,
465.28,20190714,20180817,1430,,,
450.56,20190714,20180817,1445,,,
473.20,20190714,20180817,1500,,,
469.72,20190714,20180817,1515,,,
460.08,20190714,20180817,1530,,,
474.76,20190714,20180817,1545,,,
460.08,20190714,20180817,1600,,,
441.92,20190714,20180817,1615,,,
408.24,20190714,20180817,1630,,,
393.12,20190714,20180817,1645,,,
382.88,20190714,20180817,1700,,,
293.60,20190714,20180817,1715,,,
203.92,20190714,20180817,1730,,,
184.48,20190714,20180817,1745,,,
188.92,20190714,20180817,1800,,,
166.48,20190714,20180817,1815,,,
160.40,20190714,20180817,1830,,,
147.60,20190714,20180817,1845,,,
157.68,20190714,20180817,1900,,,
152.36,20190714,20180817,1915,,,
138.96,20190714,20180817,1930,,,
140.96,20190714,20180817,1945,,,
124.72,20190714,20180817,2000,,,
114.92,20190714,20180817,2015,,,
129.32,20190714,20180817,2030,,,
124.56,20190714,20180817,2045,,,
120.80,20190714,20180817,2100,,,
126.56,20190714,20180817,2115,,,
120.24,20190714,20180817,2130,,,
120.68,20190714,20180817,2145,,,
114.76,20190714,20180817,2200,,,
118.36,20190714,20180817,2215,,,
126.44,20190714,20180817,2230,,,
123.68,20190714,20180817,2245,,,
123.84,20190714,20180818,900,,,
114.32,20190714,20180818,915,,,
112.32,20190714,20180818,930,,,
114.20,20190714,20180818,945,,,
107.44,20190714,20180818,1000,,,
103.52,20190714,20180818,1015,,,
113.60,20190714,20180818,1030,,,
112.88,20190714,20180818,1045,,,
129.88,20190714,20180818,1100,,,
123.56,20190714,20180818,1115,,,
116.92,20190714,20180818,1130,,,
128.72,20190714,20180818,1145,,,
123.56,20190714,20180818,1200,,,
112.04,20190714,20180818,1215,,,
114.20,20190714,20180818,1230,,,
109.28,20190714,20180818,1245,,,
111.44,20190714,20180818,1300,,,
117.08,20190714,20180818,1315,,,
103.96,20190714,20180818,1330,,,
105.84,20190714,20180818,1345,,,
113.60,20190714,20180818,1400,,,
106.40,20190714,20180818,1415,,,
123.28,20190714,20180818,1430,,,
108.44,20190714,20180818,1445,,,
111.04,20190714,20180818,1500,,,
125.72,20190714,20180818,1515,,,
122.24,20190714,20180818,1530,,,
125.28,20190714,20180818,1545,,,
110.72,20190714,20180818,1600,,,
121.96,20190714,20180818,1615,,,
127.44,20190714,20180818,1630,,,
137.36,20190714,20180818,1645,,,
124.72,20190714,20180818,1700,,,
127.72,20190714,20180818,1715,,,
120.40,20190714,20180818,1730,,,
125.84,20190714,20180818,1745,,,
110.88,20190714,20180818,1800,,,
119.24,20190714,20180818,1815,,,
118.36,20190714,20180818,1830,,,
119.24,20190714,20180818,1845,,,
111.60,20190714,20180818,1900,,,
114.04,20190714,20180818,1915,,,
117.80,20190714,20180818,1930,,,
115.04,20190714,20180818,1945,,,
124.72,20190714,20180818,2000,,,
108.56,20190714,20180818,2015,,,
133.64,20190714,20180818,2030,,,
128.88,20190714,20180818,2045,,,
114.92,20190714,20180818,2100,,,
113.92,20190714,20180818,2115,,,
109.16,20190714,20180818,2130,,,
100.36,20190714,20180818,2145,,,
95.76,20190714,20180818,2200,,,
110.60,20190714,20180818,2215,,,
124.72,20190714,20180818,2230,,,
117.52,20190714,20180818,2245,,,
362.44,20190714,20180820,900,,,
388.96,20190714,20180820,915,,,
407.80,20190714,20180820,930,,,
441.20,20190714,20180820,945,,,
443.80,20190714,20180820,1000,,,
448.72,20190714,20180820,1015,,,
451.88,20190714,20180820,1030,,,
452.00,20190714,20180820,1045,,,
464.40,20190714,20180820,1100,,,
472.48,20190714,20180820,1115,,,
482.24,20190714,20180820,1130,,,
478.80,20190714,20180820,1145,,,
462.08,20190714,20180820,1200,,,
380.44,20190714,20180820,1215,,,
244.64,20190714,20180820,1230,,,
288.44,20190714,20180820,1245,,,
279.80,20190714,20180820,1300,,,
298.52,20190714,20180820,1315,,,
413.00,20190714,20180820,1330,,,
461.36,20190714,20180820,1345,,,
467.84,20190714,20180820,1400,,,
466.84,20190714,20180820,1415,,,
475.64,20190714,20180820,1430,,,
471.16,20190714,20180820,1445,,,
455.76,20190714,20180820,1500,,,
446.24,20190714,20180820,1515,,,
430.12,20190714,20180820,1530,,,
445.24,20190714,20180820,1545,,,
430.84,20190714,20180820,1600,,,
440.48,20190714,20180820,1615,,,
393.12,20190714,20180820,1630,,,
372.24,20190714,20180820,1645,,,
355.24,20190714,20180820,1700,,,
322.00,20190714,20180820,1715,,,
260.20,20190714,20180820,1730,,,
231.28,20190714,20180820,1745,,,
163.16,20190714,20180820,1800,,,
170.48,20190714,20180820,1815,,,
155.08,20190714,20180820,1830,,,
150.76,20190714,20180820,1845,,,
133.36,20190714,20180820,1900,,,
134.36,20190714,20180820,1915,,,
142.40,20190714,20180820,1930,,,
127.44,20190714,20180820,1945,,,
134.48,20190714,20180820,2000,,,
144.44,20190714,20180820,2015,,,
135.36,20190714,20180820,2030,,,
125.84,20190714,20180820,2045,,,
129.16,20190714,20180820,2100,,,
129.60,20190714,20180820,2115,,,
131.76,20190714,20180820,2130,,,
119.68,20190714,20180820,2145,,,
123.68,20190714,20180820,2200,,,
125.84,20190714,20180820,2215,,,
136.52,20190714,20180820,2230,,,
133.36,20190714,20180820,2245,,,
384.04,20190714,20180821,900,,,
440.48,20190714,20180821,915,,,
513.52,20190714,20180821,930,,,
498.40,20190714,20180821,945,,,
497.52,20190714,20180821,1000,,,
496.96,20190714,20180821,1015,,,
495.08,20190714,20180821,1030,,,
509.04,20190714,20180821,1045,,,
508.16,20190714,20180821,1100,,,
499.52,20190714,20180821,1115,,,
492.92,20190714,20180821,1130,,,
477.08,20190714,20180821,1145,,,
449.28,20190714,20180821,1200,,,
362.16,20190714,20180821,1215,,,
264.96,20190714,20180821,1230,,,
309.16,20190714,20180821,1245,,,
403.76,20190714,20180821,1300,,,
403.20,20190714,20180821,1315,,,
419.92,20190714,20180821,1330,,,
422.48,20190714,20180821,1345,,,
395.84,20190714,20180821,1400,,,
394.00,20190714,20180821,1415,,,
412.28,20190714,20180821,1430,,,
412.00,20190714,20180821,1445,,,
397.60,20190714,20180821,1500,,,
390.96,20190714,20180821,1515,,,
395.28,20190714,20180821,1530,,,
362.00,20190714,20180821,1545,,,
345.88,20190714,20180821,1600,,,
329.32,20190714,20180821,1615,,,
333.08,20190714,20180821,1630,,,
340.40,20190714,20180821,1645,,,
342.44,20190714,20180821,1700,,,
301.40,20190714,20180821,1715,,,
256.32,20190714,20180821,1730,,,
165.32,20190714,20180821,1745,,,
170.08,20190714,20180821,1800,,,
158.68,20190714,20180821,1815,,,
151.20,20190714,20180821,1830,,,
141.12,20190714,20180821,1845,,,
133.36,20190714,20180821,1900,,,
150.04,20190714,20180821,1915,,,
144.88,20190714,20180821,1930,,,
136.52,20190714,20180821,1945,,,
134.80,20190714,20180821,2000,,,
125.00,20190714,20180821,2015,,,
143.72,20190714,20180821,2030,,,
129.76,20190714,20180821,2045,,,
118.64,20190714,20180821,2100,,,
118.24,20190714,20180821,2115,,,
125.84,20190714,20180821,2130,,,
119.36,20190714,20180821,2145,,,
109.60,20190714,20180821,2200,,,
123.40,20190714,20180821,2215,,,
130.04,20190714,20180821,2230,,,
129.76,20190714,20180821,2245,,,
368.64,20190714,20180822,900,,,
361.00,20190714,20180822,915,,,
430.28,20190714,20180822,930,,,
418.32,20190714,20180822,945,,,
452.00,20190714,20180822,1000,,,
455.60,20190714,20180822,1015,,,
462.80,20190714,20180822,1030,,,
438.76,20190714,20180822,1045,,,
435.60,20190714,20180822,1100,,,
444.80,20190714,20180822,1115,,,
472.76,20190714,20180822,1130,,,
460.64,20190714,20180822,1145,,,
435.76,20190714,20180822,1200,,,
326.32,20190714,20180822,1215,,,
205.76,20190714,20180822,1230,,,
202.76,20190714,20180822,1245,,,
288.72,20190714,20180822,1300,,,
273.76,20190714,20180822,1315,,,
366.64,20190714,20180822,1330,,,
414.16,20190714,20180822,1345,,,
417.60,20190714,20180822,1400,,,
414.72,20190714,20180822,1415,,,
421.04,20190714,20180822,1430,,,
434.72,20190714,20180822,1445,,,
461.08,20190714,20180822,1500,,,
455.48,20190714,20180822,1515,,,
466.12,20190714,20180822,1530,,,
480.96,20190714,20180822,1545,,,
475.92,20190714,20180822,1600,,,
460.36,20190714,20180822,1615,,,
394.00,20190714,20180822,1630,,,
386.92,20190714,20180822,1645,,,
374.68,20190714,20180822,1700,,,
253.16,20190714,20180822,1715,,,
156.68,20190714,20180822,1730,,,
144.88,20190714,20180822,1745,,,
148.32,20190714,20180822,1800,,,
135.64,20190714,20180822,1815,,,
144.00,20190714,20180822,1830,,,
151.20,20190714,20180822,1845,,,
148.60,20190714,20180822,1900,,,
144.16,20190714,20180822,1915,,,
142.00,20190714,20180822,1930,,,
130.04,20190714,20180822,1945,,,
114.32,20190714,20180822,2000,,,
126.16,20190714,20180822,2015,,,
149.20,20190714,20180822,2030,,,
134.92,20190714,20180822,2045,,,
122.40,20190714,20180822,2100,,,
116.48,20190714,20180822,2115,,,
125.12,20190714,20180822,2130,,,
122.56,20190714,20180822,2145,,,
122.56,20190714,20180822,2200,,,
124.00,20190714,20180822,2215,,,
137.52,20190714,20180822,2230,,,
138.80,20190714,20180822,2245,,,
359.44,20190714,20180823,900,,,
426.96,20190714,20180823,915,,,
459.92,20190714,20180823,930,,,
454.32,20190714,20180823,945,,,
460.36,20190714,20180823,1000,,,
456.32,20190714,20180823,1015,,,
471.32,20190714,20180823,1030,,,
472.32,20190714,20180823,1045,,,
474.92,20190714,20180823,1100,,,
464.96,20190714,20180823,1115,,,
429.40,20190714,20180823,1130,,,
409.68,20190714,20180823,1145,,,
371.24,20190714,20180823,1200,,,
305.00,20190714,20180823,1215,,,
196.40,20190714,20180823,1230,,,
253.72,20190714,20180823,1245,,,
281.08,20190714,20180823,1300,,,
306.00,20190714,20180823,1315,,,
354.80,20190714,20180823,1330,,,
347.04,20190714,20180823,1345,,,
363.60,20190714,20180823,1400,,,
359.44,20190714,20180823,1415,,,
360.88,20190714,20180823,1430,,,
382.48,20190714,20180823,1445,,,
364.16,20190714,20180823,1500,,,
380.88,20190714,20180823,1515,,,
363.44,20190714,20180823,1530,,,
364.76,20190714,20180823,1545,,,
357.28,20190714,20180823,1600,,,
353.24,20190714,20180823,1615,,,
335.68,20190714,20180823,1630,,,
323.00,20190714,20180823,1645,,,
326.44,20190714,20180823,1700,,,
201.60,20190714,20180823,1715,,,
146.60,20190714,20180823,1730,,,
131.04,20190714,20180823,1745,,,
131.76,20190714,20180823,1800,,,
130.88,20190714,20180823,1815,,,
128.16,20190714,20180823,1830,,,
134.08,20190714,20180823,1845,,,
127.28,20190714,20180823,1900,,,
129.16,20190714,20180823,1915,,,
141.40,20190714,20180823,1930,,,
120.80,20190714,20180823,1945,,,
126.88,20190714,20180823,2000,,,
112.04,20190714,20180823,2015,,,
129.16,20190714,20180823,2030,,,
120.52,20190714,20180823,2045,,,
119.24,20190714,20180823,2100,,,
123.68,20190714,20180823,2115,,,
113.20,20190714,20180823,2130,,,
104.96,20190714,20180823,2145,,,
115.92,20190714,20180823,2200,,,
112.76,20190714,20180823,2215,,,
119.96,20190714,20180823,2230,,,
132.64,20190714,20180823,2245,,,
348.76,20190714,20180824,900,,,
352.96,20190714,20180824,915,,,
341.28,20190714,20180824,930,,,
358.00,20190714,20180824,945,,,
363.16,20190714,20180824,1000,,,
323.56,20190714,20180824,1015,,,
331.92,20190714,20180824,1030,,,
332.80,20190714,20180824,1045,,,
351.36,20190714,20180824,1100,,,
330.64,20190714,20180824,1115,,,
329.32,20190714,20180824,1130,,,
340.56,20190714,20180824,1145,,,
362.44,20190714,20180824,1200,,,
310.16,20190714,20180824,1215,,,
194.12,20190714,20180824,1230,,,
196.12,20190714,20180824,1245,,,
281.24,20190714,20180824,1300,,,
292.48,20190714,20180824,1315,,,
331.20,20190714,20180824,1330,,,
330.04,20190714,20180824,1345,,,
328.32,20190714,20180824,1400,,,
318.24,20190714,20180824,1415,,,
315.64,20190714,20180824,1430,,,
294.20,20190714,20180824,1445,,,
308.00,20190714,20180824,1500,,,
315.80,20190714,20180824,1515,,,
324.88,20190714,20180824,1530,,,
321.68,20190714,20180824,1545,,,
312.76,20190714,20180824,1600,,,
323.72,20190714,20180824,1615,,,
318.68,20190714,20180824,1630,,,
320.12,20190714,20180824,1645,,,
264.40,20190714,20180824,1700,,,
196.72,20190714,20180824,1715,,,
140.40,20190714,20180824,1730,,,
135.52,20190714,20180824,1745,,,
127.44,20190714,20180824,1800,,,
126.88,20190714,20180824,1815,,,
125.44,20190714,20180824,1830,,,
126.72,20190714,20180824,1845,,,
118.64,20190714,20180824,1900,,,
125.84,20190714,20180824,1915,,,
130.32,20190714,20180824,1930,,,
122.56,20190714,20180824,1945,,,
116.20,20190714,20180824,2000,,,
120.68,20190714,20180824,2015,,,
128.88,20190714,20180824,2030,,,
125.12,20190714,20180824,2045,,,
118.64,20190714,20180824,2100,,,
113.92,20190714,20180824,2115,,,
110.88,20190714,20180824,2130,,,
110.00,20190714,20180824,2145,,,
107.84,20190714,20180824,2200,,,
112.16,20190714,20180824,2215,,,
111.44,20190714,20180824,2230,,,
121.40,20190714,20180824,2245,,,
117.64,20190714,20180825,900,,,
111.44,20190714,20180825,915,,,
104.84,20190714,20180825,930,,,
109.88,20190714,20180825,945,,,
110.88,20190714,20180825,1000,,,
115.76,20190714,20180825,1015,,,
105.84,20190714,20180825,1030,,,
105.40,20190714,20180825,1045,,,
113.92,20190714,20180825,1100,,,
100.96,20190714,20180825,1115,,,
108.88,20190714,20180825,1130,,,
115.64,20190714,20180825,1145,,,
105.28,20190714,20180825,1200,,,
96.32,20190714,20180825,1215,,,
111.76,20190714,20180825,1230,,,
106.28,20190714,20180825,1245,,,
116.08,20190714,20180825,1300,,,
98.48,20190714,20180825,1315,,,
100.52,20190714,20180825,1330,,,
91.44,20190714,20180825,1345,,,
100.08,20190714,20180825,1400,,,
117.80,20190714,20180825,1415,,,
116.20,20190714,20180825,1430,,,
117.08,20190714,20180825,1445,,,
111.44,20190714,20180825,1500,,,
116.64,20190714,20180825,1515,,,
108.16,20190714,20180825,1530,,,
116.80,20190714,20180825,1545,,,
101.68,20190714,20180825,1600,,,
112.76,20190714,20180825,1615,,,
112.60,20190714,20180825,1630,,,
128.72,20190714,20180825,1645,,,
123.84,20190714,20180825,1700,,,
121.12,20190714,20180825,1715,,,
110.00,20190714,20180825,1730,,,
98.36,20190714,20180825,1745,,,
105.12,20190714,20180825,2000,,,
108.72,20190714,20180825,2015,,,
126.00,20190714,20180825,2030,,,
111.60,20190714,20180825,2045,,,
106.56,20190714,20180825,2100,,,
101.08,20190714,20180825,2115,,,
96.76,20190714,20180825,2130,,,
105.56,20190714,20180825,2145,,,
94.88,20190714,20180825,2200,,,
99.80,20190714,20180825,2215,,,
106.84,20190714,20180825,2230,,,
107.00,20190714,20180825,2245,,,
369.20,20190714,20180827,900,,,
355.68,20190714,20180827,915,,,
360.16,20190714,20180827,930,,,
369.08,20190714,20180827,945,,,
369.64,20190714,20180827,1000,,,
371.68,20190714,20180827,1015,,,
340.84,20190714,20180827,1030,,,
351.92,20190714,20180827,1045,,,
371.36,20190714,20180827,1100,,,
371.80,20190714,20180827,1115,,,
337.40,20190714,20180827,1130,,,
349.04,20190714,20180827,1145,,,
319.12,20190714,20180827,1200,,,
297.64,20190714,20180827,1215,,,
188.92,20190714,20180827,1230,,,
177.84,20190714,20180827,1245,,,
191.68,20190714,20180827,1300,,,
316.36,20190714,20180827,1315,,,
363.32,20190714,20180827,1330,,,
331.48,20190714,20180827,1345,,,
340.72,20190714,20180827,1400,,,
339.40,20190714,20180827,1415,,,
327.88,20190714,20180827,1430,,,
323.56,20190714,20180827,1445,,,
325.88,20190714,20180827,1500,,,
327.32,20190714,20180827,1515,,,
314.92,20190714,20180827,1530,,,
332.08,20190714,20180827,1545,,,
312.92,20190714,20180827,1600,,,
325.16,20190714,20180827,1615,,,
332.36,20190714,20180827,1630,,,
304.00,20190714,20180827,1645,,,
290.16,20190714,20180827,1700,,,
193.12,20190714,20180827,1715,,,
137.96,20190714,20180827,1730,,,
137.52,20190714,20180827,1745,,,
127.88,20190714,20180827,1800,,,
128.88,20190714,20180827,1815,,,
125.00,20190714,20180827,1830,,,
126.88,20190714,20180827,1845,,,
132.32,20190714,20180827,1900,,,
134.36,20190714,20180827,1915,,,
144.88,20190714,20180827,1930,,,
132.76,20190714,20180827,1945,,,
123.12,20190714,20180827,2000,,,
122.40,20190714,20180827,2015,,,
128.16,20190714,20180827,2030,,,
117.36,20190714,20180827,2045,,,
113.20,20190714,20180827,2100,,,
113.76,20190714,20180827,2115,,,
107.00,20190714,20180827,2130,,,
99.92,20190714,20180827,2145,,,
96.32,20190714,20180827,2200,,,
108.00,20190714,20180827,2215,,,
110.72,20190714,20180827,2230,,,
112.16,20190714,20180827,2245,,,
320.96,20190714,20180828,900,,,
365.04,20190714,20180828,915,,,
423.52,20190714,20180828,930,,,
411.12,20190714,20180828,945,,,
420.20,20190714,20180828,1000,,,
403.20,20190714,20180828,1015,,,
425.80,20190714,20180828,1030,,,
406.64,20190714,20180828,1045,,,
407.96,20190714,20180828,1100,,,
408.96,20190714,20180828,1115,,,
416.00,20190714,20180828,1130,,,
440.20,20190714,20180828,1145,,,
410.56,20190714,20180828,1200,,,
316.24,20190714,20180828,1215,,,
183.88,20190714,20180828,1230,,,
181.60,20190714,20180828,1245,,,
260.20,20190714,20180828,1300,,,
337.40,20190714,20180828,1315,,,
391.24,20190714,20180828,1330,,,
408.96,20190714,20180828,1345,,,
411.28,20190714,20180828,1400,,,
409.24,20190714,20180828,1415,,,
377.28,20190714,20180828,1430,,,
367.20,20190714,20180828,1445,,,
416.16,20190714,20180828,1500,,,
427.68,20190714,20180828,1515,,,
424.64,20190714,20180828,1530,,,
431.56,20190714,20180828,1545,,,
429.68,20190714,20180828,1600,,,
434.16,20190714,20180828,1615,,,
390.08,20190714,20180828,1630,,,
365.32,20190714,20180828,1645,,,
288.16,20190714,20180828,1700,,,
216.28,20190714,20180828,1715,,,
181.72,20190714,20180828,1730,,,
176.12,20190714,20180828,1745,,,
168.64,20190714,20180828,1800,,,
165.04,20190714,20180828,1815,,,
157.24,20190714,20180828,1830,,,
157.24,20190714,20180828,1845,,,
158.12,20190714,20180828,1900,,,
146.00,20190714,20180828,1915,,,
169.92,20190714,20180828,1930,,,
161.84,20190714,20180828,1945,,,
129.60,20190714,20180828,2100,,,
137.52,20190714,20180828,2115,,,
127.00,20190714,20180828,2130,,,
127.16,20190714,20180828,2145,,,
133.92,20190714,20180828,2200,,,
127.28,20190714,20180828,2215,,,
132.48,20190714,20180828,2230,,,
132.92,20190714,20180828,2245,,,
367.64,20190714,20180829,900,,,
424.08,20190714,20180829,915,,,
416.60,20190714,20180829,930,,,
435.32,20190714,20180829,945,,,
465.84,20190714,20180829,1000,,,
468.16,20190714,20180829,1015,,,
480.68,20190714,20180829,1030,,,
466.12,20190714,20180829,1045,,,
480.08,20190714,20180829,1100,,,
472.76,20190714,20180829,1115,,,
464.24,20190714,20180829,1130,,,
464.56,20190714,20180829,1145,,,
457.64,20190714,20180829,1200,,,
369.92,20190714,20180829,1215,,,
249.84,20190714,20180829,1230,,,
248.96,20190714,20180829,1245,,,
302.84,20190714,20180829,1300,,,
383.60,20190714,20180829,1315,,,
365.92,20190714,20180829,1330,,,
464.68,20190714,20180829,1345,,,
494.08,20190714,20180829,1400,,,
479.08,20190714,20180829,1415,,,
508.48,20190714,20180829,1430,,,
495.36,20190714,20180829,1445,,,
494.20,20190714,20180829,1500,,,
469.16,20190714,20180829,1515,,,
474.32,20190714,20180829,1530,,,
481.84,20190714,20180829,1545,,,
469.88,20190714,20180829,1600,,,
473.60,20190714,20180829,1615,,,
430.72,20190714,20180829,1630,,,
400.32,20190714,20180829,1645,,,
325.88,20190714,20180829,1700,,,
218.88,20190714,20180829,1715,,,
155.24,20190714,20180829,1730,,,
146.60,20190714,20180829,1745,,,
138.24,20190714,20180829,1800,,,
143.00,20190714,20180829,1815,,,
150.32,20190714,20180829,1830,,,
141.56,20190714,20180829,1845,,,
147.16,20190714,20180829,1900,,,
152.36,20190714,20180829,1915,,,
153.36,20190714,20180829,1930,,,
144.44,20190714,20180829,1945,,,
146.60,20190714,20180829,2000,,,
150.48,20190714,20180829,2015,,,
149.60,20190714,20180829,2030,,,
147.44,20190714,20180829,2045,,,
141.28,20190714,20180829,2100,,,
135.08,20190714,20180829,2115,,,
135.92,20190714,20180829,2130,,,
135.64,20190714,20180829,2145,,,
128.00,20190714,20180829,2200,,,
138.68,20190714,20180829,2215,,,
142.84,20190714,20180829,2230,,,
148.88,20190714,20180829,2245,,,
347.32,20190714,20180830,900,,,
355.52,20190714,20180830,915,,,
362.32,20190714,20180830,930,,,
356.24,20190714,20180830,945,,,
326.00,20190714,20180830,1000,,,
326.32,20190714,20180830,1015,,,
340.56,20190714,20180830,1030,,,
343.28,20190714,20180830,1045,,,
367.36,20190714,20180830,1100,,,
356.12,20190714,20180830,1115,,,
362.32,20190714,20180830,1130,,,
371.24,20190714,20180830,1145,,,
345.88,20190714,20180830,1200,,,
306.28,20190714,20180830,1215,,,
188.92,20190714,20180830,1230,,,
190.96,20190714,20180830,1245,,,
292.48,20190714,20180830,1300,,,
298.36,20190714,20180830,1315,,,
361.28,20190714,20180830,1330,,,
356.84,20190714,20180830,1345,,,
356.56,20190714,20180830,1400,,,
351.80,20190714,20180830,1415,,,
363.44,20190714,20180830,1430,,,
344.60,20190714,20180830,1445,,,
345.88,20190714,20180830,1500,,,
349.64,20190714,20180830,1515,,,
344.32,20190714,20180830,1530,,,
350.92,20190714,20180830,1545,,,
354.08,20190714,20180830,1600,,,
362.72,20190714,20180830,1615,,,
344.32,20190714,20180830,1630,,,
343.00,20190714,20180830,1645,,,
327.16,20190714,20180830,1700,,,
197.28,20190714,20180830,1715,,,
139.40,20190714,20180830,1730,,,
135.80,20190714,20180830,1745,,,
130.60,20190714,20180830,1800,,,
126.44,20190714,20180830,1815,,,
128.60,20190714,20180830,1830,,,
130.04,20190714,20180830,1845,,,
124.28,20190714,20180830,1900,,,
131.20,20190714,20180830,1915,,,
131.04,20190714,20180830,1930,,,
134.48,20190714,20180830,1945,,,
116.36,20190714,20180830,2000,,,
120.68,20190714,20180830,2015,,,
133.48,20190714,20180830,2030,,,
120.08,20190714,20180830,2045,,,
118.64,20190714,20180830,2100,,,
116.80,20190714,20180830,2115,,,
110.72,20190714,20180830,2130,,,
111.76,20190714,20180830,2145,,,
119.36,20190714,20180830,2200,,,
120.96,20190714,20180830,2215,,,
122.56,20190714,20180830,2230,,,
132.76,20190714,20180830,2245,,,
300.96,20190714,20180831,900,,,
316.52,20190714,20180831,915,,,
318.40,20190714,20180831,930,,,
295.76,20190714,20180831,945,,,
290.32,20190714,20180831,1000,,,
292.76,20190714,20180831,1015,,,
317.36,20190714,20180831,1030,,,
300.24,20190714,20180831,1045,,,
286.28,20190714,20180831,1100,,,
295.48,20190714,20180831,1115,,,
274.60,20190714,20180831,1130,,,
305.56,20190714,20180831,1145,,,
290.44,20190714,20180831,1200,,,
249.56,20190714,20180831,1215,,,
183.44,20190714,20180831,1230,,,
212.40,20190714,20180831,1245,,,
281.36,20190714,20180831,1300,,,
287.56,20190714,20180831,1315,,,
329.48,20190714,20180831,1330,,,
331.64,20190714,20180831,1345,,,
343.28,20190714,20180831,1400,,,
341.00,20190714,20180831,1415,,,
350.48,20190714,20180831,1430,,,
324.00,20190714,20180831,1445,,,
300.96,20190714,20180831,1500,,,
304.00,20190714,20180831,1515,,,
298.24,20190714,20180831,1530,,,
311.60,20190714,20180831,1545,,,
295.64,20190714,20180831,1600,,,
301.12,20190714,20180831,1615,,,
296.92,20190714,20180831,1630,,,
302.96,20190714,20180831,1645,,,
217.72,20190714,20180831,1700,,,
172.52,20190714,20180831,1715,,,
126.72,20190714,20180831,1730,,,
129.44,20190714,20180831,1745,,,
127.28,20190714,20180831,1800,,,
117.08,20190714,20180831,1815,,,
128.32,20190714,20180831,1830,,,
121.96,20190714,20180831,1845,,,
121.84,20190714,20180831,1900,,,
122.68,20190714,20180831,1915,,,
134.64,20190714,20180831,1930,,,
119.08,20190714,20180831,1945,,,
127.72,20190714,20180831,2000,,,
129.44,20190714,20180831,2015,,,
127.72,20190714,20180831,2030,,,
111.76,20190714,20180831,2045,,,
121.68,20190714,20180831,2100,,,
115.36,20190714,20180831,2115,,,
116.92,20190714,20180831,2130,,,
109.28,20190714,20180831,2145,,,
103.52,20190714,20180831,2200,,,
115.04,20190714,20180831,2215,,,
120.68,20190714,20180831,2230,,,
116.20,20190714,20180831,2245,,,
122.40,20190714,20180901,900,,,
126.55,20190714,20180901,915,,,
122.40,20190714,20180901,930,,,
106.12,20190714,20180901,945,,,
111.04,20190714,20180901,1000,,,
117.51,20190714,20180901,1015,,,
115.63,20190714,20180901,1030,,,
111.87,20190714,20180901,1045,,,
122.55,20190714,20180901,1100,,,
113.59,20190714,20180901,1115,,,
121.23,20190714,20180901,1130,,,
130.03,20190714,20180901,1145,,,
124.72,20190714,20180901,1200,,,
112.59,20190714,20180901,1215,,,
115.91,20190714,20180901,1230,,,
114.31,20190714,20180901,1245,,,
113.04,20190714,20180901,1300,,,
114.31,20190714,20180901,1315,,,
117.36,20190714,20180901,1330,,,
113.19,20190714,20180901,1345,,,
121.68,20190714,20180901,1400,,,
118.80,20190714,20180901,1415,,,
127.87,20190714,20180901,1430,,,
115.91,20190714,20180901,1445,,,
112.76,20190714,20180901,1500,,,
125.72,20190714,20180901,1515,,,
117.51,20190714,20180901,1530,,,
124.00,20190714,20180901,1545,,,
112.59,20190714,20180901,1600,,,
123.40,20190714,20180901,1615,,,
114.48,20190714,20180901,1630,,,
122.40,20190714,20180901,1645,,,
128.88,20190714,20180901,1700,,,
124.27,20190714,20180901,1715,,,
124.40,20190714,20180901,1730,,,
112.87,20190714,20180901,1745,,,
127.00,20190714,20180901,1800,,,
125.00,20190714,20180901,1815,,,
111.87,20190714,20180901,1830,,,
117.91,20190714,20180901,1845,,,
108.00,20190714,20180901,1900,,,
121.23,20190714,20180901,1915,,,
119.95,20190714,20180901,1930,,,
121.12,20190714,20180901,1945,,,
104.83,20190714,20180901,2000,,,
106.00,20190714,20180901,2015,,,
124.27,20190714,20180901,2030,,,
109.27,20190714,20180901,2045,,,
117.80,20190714,20180901,2100,,,
117.91,20190714,20180901,2115,,,
98.80,20190714,20180901,2130,,,
96.63,20190714,20180901,2145,,,
107.00,20190714,20180901,2200,,,
122.83,20190714,20180901,2215,,,
128.00,20190714,20180901,2230,,,
119.51,20190714,20180901,2245,,,
319.11,20190714,20180903,900,,,
320.95,20190714,20180903,915,,,
343.88,20190714,20180903,930,,,
360.16,20190714,20180903,945,,,
388.51,20190714,20180903,1000,,,
380.00,20190714,20180903,1015,,,
390.07,20190714,20180903,1030,,,
382.04,20190714,20180903,1045,,,
398.44,20190714,20180903,1100,,,
399.04,20190714,20180903,1115,,,
404.20,20190714,20180903,1130,,,
416.16,20190714,20180903,1145,,,
382.76,20190714,20180903,1200,,,
341.83,20190714,20180903,1215,,,
246.24,20190714,20180903,1230,,,
251.00,20190714,20180903,1245,,,
361.16,20190714,20180903,1300,,,
386.79,20190714,20180903,1315,,,
426.51,20190714,20180903,1330,,,
406.64,20190714,20180903,1345,,,
397.44,20190714,20180903,1400,,,
393.55,20190714,20180903,1415,,,
380.16,20190714,20180903,1430,,,
367.04,20190714,20180903,1445,,,
376.11,20190714,20180903,1500,,,
373.67,20190714,20180903,1515,,,
358.11,20190714,20180903,1530,,,
338.55,20190714,20180903,1545,,,
329.60,20190714,20180903,1600,,,
329.76,20190714,20180903,1615,,,
267.83,20190714,20180903,1630,,,
218.88,20190714,20180903,1645,,,
208.80,20190714,20180903,1700,,,
173.67,20190714,20180903,1715,,,
131.75,20190714,20180903,1730,,,
123.83,20190714,20180903,1745,,,
122.83,20190714,20180903,1800,,,
126.27,20190714,20180903,1815,,,
136.80,20190714,20180903,1830,,,
131.03,20190714,20180903,1845,,,
116.19,20190714,20180903,1900,,,
122.23,20190714,20180903,1915,,,
134.19,20190714,20180903,1930,,,
113.19,20190714,20180903,1945,,,
119.95,20190714,20180903,2000,,,
118.36,20190714,20180903,2015,,,
116.48,20190714,20180903,2030,,,
109.16,20190714,20180903,2045,,,
114.91,20190714,20180903,2100,,,
111.87,20190714,20180903,2115,,,
112.16,20190714,20180903,2130,,,
107.12,20190714,20180903,2145,,,
98.36,20190714,20180903,2200,,,
105.83,20190714,20180903,2215,,,
120.51,20190714,20180903,2230,,,
136.24,20190714,20180903,2245,,,
210.39,20190714,20180904,900,,,
290.60,20190714,20180904,915,,,
318.95,20190714,20180904,930,,,
414.27,20190714,20180904,945,,,
420.20,20190714,20180904,1000,,,
412.27,20190714,20180904,1015,,,
409.95,20190714,20180904,1030,,,
395.72,20190714,20180904,1045,,,
416.00,20190714,20180904,1100,,,
400.76,20190714,20180904,1115,,,
430.72,20190714,20180904,1130,,,
441.07,20190714,20180904,1145,,,
434.32,20190714,20180904,1200,,,
344.44,20190714,20180904,1215,,,
202.32,20190714,20180904,1230,,,
201.88,20190714,20180904,1245,,,
308.32,20190714,20180904,1300,,,
330.32,20190714,20180904,1315,,,
396.72,20190714,20180904,1330,,,
419.32,20190714,20180904,1345,,,
416.44,20190714,20180904,1400,,,
434.44,20190714,20180904,1415,,,
448.72,20190714,20180904,1430,,,
432.88,20190714,20180904,1445,,,
435.16,20190714,20180904,1500,,,
431.44,20190714,20180904,1515,,,
430.39,20190714,20180904,1530,,,
422.35,20190714,20180904,1545,,,
413.00,20190714,20180904,1600,,,
395.44,20190714,20180904,1615,,,
350.48,20190714,20180904,1630,,,
315.07,20190714,20180904,1645,,,
251.27,20190714,20180904,1700,,,
179.27,20190714,20180904,1715,,,
144.00,20190714,20180904,1730,,,
127.44,20190714,20180904,1745,,,
125.27,20190714,20180904,1800,,,
129.16,20190714,20180904,1815,,,
123.27,20190714,20180904,1830,,,
117.91,20190714,20180904,1845,,,
128.44,20190714,20180904,1900,,,
128.32,20190714,20180904,1915,,,
133.36,20190714,20180904,1930,,,
123.27,20190714,20180904,1945,,,
114.76,20190714,20180904,2000,,,
111.59,20190714,20180904,2015,,,
127.27,20190714,20180904,2030,,,
115.36,20190714,20180904,2045,,,
119.51,20190714,20180904,2100,,,
114.04,20190714,20180904,2115,,,
109.44,20190714,20180904,2130,,,
122.40,20190714,20180904,2145,,,
110.31,20190714,20180904,2200,,,
120.95,20190714,20180904,2215,,,
120.80,20190714,20180904,2230,,,
123.83,20190714,20180904,2245,,,
308.72,20190714,20180905,900,,,
311.20,20190714,20180905,915,,,
312.64,20190714,20180905,930,,,
322.11,20190714,20180905,945,,,
334.79,20190714,20180905,1000,,,
325.88,20190714,20180905,1015,,,
307.88,20190714,20180905,1030,,,
321.27,20190714,20180905,1045,,,
344.44,20190714,20180905,1100,,,
332.48,20190714,20180905,1115,,,
334.23,20190714,20180905,1130,,,
355.23,20190714,20180905,1145,,,
345.16,20190714,20180905,1200,,,
320.39,20190714,20180905,1215,,,
211.83,20190714,20180905,1230,,,
182.72,20190714,20180905,1245,,,
257.60,20190714,20180905,1300,,,
315.20,20190714,20180905,1315,,,
354.39,20190714,20180905,1330,,,
344.60,20190714,20180905,1345,,,
328.88,20190714,20180905,1400,,,
342.44,20190714,20180905,1415,,,
317.79,20190714,20180905,1430,,,
303.67,20190714,20180905,1445,,,
311.04,20190714,20180905,1500,,,
298.35,20190714,20180905,1515,,,
302.39,20190714,20180905,1530,,,
311.20,20190714,20180905,1545,,,
291.32,20190714,20180905,1600,,,
283.95,20190714,20180905,1615,,,
273.60,20190714,20180905,1630,,,
284.55,20190714,20180905,1645,,,
271.60,20190714,20180905,1700,,,
181.60,20190714,20180905,1715,,,
135.80,20190714,20180905,1730,,,
123.12,20190714,20180905,1745,,,
125.83,20190714,20180905,1800,,,
114.48,20190714,20180905,1815,,,
113.31,20190714,20180905,1830,,,
119.08,20190714,20180905,1845,,,
113.76,20190714,20180905,1900,,,
118.80,20190714,20180905,1915,,,
118.51,20190714,20180905,1930,,,
125.44,20190714,20180905,1945,,,
114.48,20190714,20180905,2000,,,
113.48,20190714,20180905,2015,,,
123.55,20190714,20180905,2030,,,
107.27,20190714,20180905,2045,,,
105.68,20190714,20180905,2100,,,
102.95,20190714,20180905,2115,,,
90.00,20190714,20180905,2130,,,
104.40,20190714,20180905,2145,,,
95.76,20190714,20180905,2200,,,
116.08,20190714,20180905,2215,,,
125.55,20190714,20180905,2230,,,
115.19,20190714,20180905,2245,,,
352.23,20190714,20180906,900,,,
349.92,20190714,20180906,915,,,
375.83,20190714,20180906,930,,,
429.27,20190714,20180906,945,,,
434.60,20190714,20180906,1000,,,
428.95,20190714,20180906,1015,,,
407.35,20190714,20180906,1030,,,
396.44,20190714,20180906,1045,,,
403.35,20190714,20180906,1100,,,
413.72,20190714,20180906,1115,,,
403.48,20190714,20180906,1130,,,
400.16,20190714,20180906,1145,,,
379.16,20190714,20180906,1200,,,
337.51,20190714,20180906,1215,,,
195.11,20190714,20180906,1230,,,
249.55,20190714,20180906,1245,,,
260.79,20190714,20180906,1300,,,
257.92,20190714,20180906,1315,,,
301.11,20190714,20180906,1330,,,
333.07,20190714,20180906,1345,,,
375.67,20190714,20180906,1400,,,
385.76,20190714,20180906,1415,,,
383.32,20190714,20180906,1430,,,
375.27,20190714,20180906,1445,,,
375.39,20190714,20180906,1500,,,
357.11,20190714,20180906,1515,,,
364.32,20190714,20180906,1530,,,
372.51,20190714,20180906,1545,,,
350.35,20190714,20180906,1600,,,
353.51,20190714,20180906,1615,,,
308.32,20190714,20180906,1630,,,
302.23,20190714,20180906,1645,,,
290.72,20190714,20180906,1700,,,
161.11,20190714,20180906,1715,,,
123.40,20190714,20180906,1730,,,
135.80,20190714,20180906,1745,,,
130.88,20190714,20180906,1800,,,
124.72,20190714,20180906,1815,,,
120.40,20190714,20180906,1830,,,
124.27,20190714,20180906,1845,,,
126.55,20190714,20180906,1900,,,
133.63,20190714,20180906,1915,,,
132.32,20190714,20180906,1930,,,
119.51,20190714,20180906,1945,,,
120.80,20190714,20180906,2000,,,
116.08,20190714,20180906,2015,,,
131.47,20190714,20180906,2030,,,
116.36,20190714,20180906,2045,,,
113.76,20190714,20180906,2100,,,
117.80,20190714,20180906,2115,,,
114.48,20190714,20180906,2130,,,
105.68,20190714,20180906,2145,,,
108.72,20190714,20180906,2200,,,
111.44,20190714,20180906,2215,,,
115.19,20190714,20180906,2230,,,
120.80,20190714,20180906,2245,,,
384.04,20190714,20180907,900,,,
394.11,20190714,20180907,915,,,
413.00,20190714,20180907,930,,,
396.00,20190714,20180907,945,,,
383.32,20190714,20180907,1000,,,
383.92,20190714,20180907,1015,,,
382.04,20190714,20180907,1030,,,
391.83,20190714,20180907,1045,,,
400.60,20190714,20180907,1100,,,
430.11,20190714,20180907,1115,,,
441.07,20190714,20180907,1130,,,
434.88,20190714,20180907,1145,,,
402.92,20190714,20180907,1200,,,
306.27,20190714,20180907,1215,,,
186.75,20190714,20180907,1230,,,
219.60,20190714,20180907,1245,,,
284.95,20190714,20180907,1300,,,
289.44,20190714,20180907,1315,,,
359.72,20190714,20180907,1330,,,
382.48,20190714,20180907,1345,,,
382.88,20190714,20180907,1400,,,
386.48,20190714,20180907,1415,,,
393.83,20190714,20180907,1430,,,
389.51,20190714,20180907,1445,,,
374.67,20190714,20180907,1500,,,
368.20,20190714,20180907,1515,,,
345.04,20190714,20180907,1530,,,
360.55,20190714,20180907,1545,,,
327.44,20190714,20180907,1600,,,
311.20,20190714,20180907,1615,,,
277.76,20190714,20180907,1630,,,
263.07,20190714,20180907,1645,,,
180.88,20190714,20180907,1700,,,
157.52,20190714,20180907,1715,,,
145.27,20190714,20180907,1730,,,
135.36,20190714,20180907,1745,,,
132.75,20190714,20180907,1800,,,
137.24,20190714,20180907,1815,,,
135.63,20190714,20180907,1830,,,
130.60,20190714,20180907,1845,,,
126.44,20190714,20180907,1900,,,
125.44,20190714,20180907,1915,,,
152.19,20190714,20180907,1930,,,
130.75,20190714,20180907,1945,,,
139.96,20190714,20180907,2000,,,
142.72,20190714,20180907,2015,,,
145.16,20190714,20180907,2030,,,
133.47,20190714,20180907,2045,,,
129.32,20190714,20180907,2100,,,
125.12,20190714,20180907,2115,,,
131.75,20190714,20180907,2130,,,
99.80,20190714,20180907,2145,,,
102.68,20190714,20180907,2200,,,
96.76,20190714,20180907,2215,,,
108.44,20190714,20180907,2230,,,
119.95,20190714,20180907,2245,,,
105.68,20190714,20180908,900,,,
108.55,20190714,20180908,915,,,
106.72,20190714,20180908,930,,,
94.76,20190714,20180908,945,,,
99.08,20190714,20180908,1000,,,
98.48,20190714,20180908,1015,,,
102.08,20190714,20180908,1030,,,
88.00,20190714,20180908,1045,,,
90.16,20190714,20180908,1100,,,
94.48,20190714,20180908,1115,,,
93.76,20190714,20180908,1130,,,
108.87,20190714,20180908,1145,,,
96.48,20190714,20180908,1200,,,
92.87,20190714,20180908,1215,,,
99.63,20190714,20180908,1230,,,
93.31,20190714,20180908,1245,,,
87.27,20190714,20180908,1300,,,
89.72,20190714,20180908,1315,,,
83.68,20190714,20180908,1330,,,
94.48,20190714,20180908,1345,,,
108.72,20190714,20180908,1400,,,
106.12,20190714,20180908,1415,,,
112.31,20190714,20180908,1430,,,
110.00,20190714,20180908,1445,,,
100.80,20190714,20180908,1500,,,
106.00,20190714,20180908,1515,,,
95.59,20190714,20180908,1530,,,
110.00,20190714,20180908,1545,,,
96.48,20190714,20180908,1600,,,
103.12,20190714,20180908,1615,,,
100.95,20190714,20180908,1630,,,
119.68,20190714,20180908,1645,,,
118.95,20190714,20180908,1700,,,
114.91,20190714,20180908,1715,,,
96.91,20190714,20180908,1730,,,
104.40,20190714,20180908,1745,,,
112.48,20190714,20180908,1800,,,
102.08,20190714,20180908,1815,,,
102.95,20190714,20180908,1830,,,
98.80,20190714,20180908,1845,,,
99.80,20190714,20180908,1900,,,
102.51,20190714,20180908,1915,,,
115.91,20190714,20180908,1930,,,
100.36,20190714,20180908,1945,,,
95.91,20190714,20180908,2000,,,
98.63,20190714,20180908,2015,,,
99.63,20190714,20180908,2030,,,
106.55,20190714,20180908,2045,,,
88.00,20190714,20180908,2100,,,
85.83,20190714,20180908,2115,,,
92.59,20190714,20180908,2130,,,
85.95,20190714,20180908,2145,,,
84.95,20190714,20180908,2200,,,
89.00,20190714,20180908,2215,,,
104.23,20190714,20180908,2230,,,
108.55,20190714,20180908,2245,,,
308.16,20190714,20180910,900,,,
324.72,20190714,20180910,915,,,
371.79,20190714,20180910,930,,,
365.20,20190714,20180910,945,,,
372.79,20190714,20180910,1000,,,
384.76,20190714,20180910,1015,,,
358.55,20190714,20180910,1030,,,
360.55,20190714,20180910,1045,,,
364.88,20190714,20180910,1100,,,
365.92,20190714,20180910,1115,,,
373.51,20190714,20180910,1130,,,
372.67,20190714,20180910,1145,,,
359.55,20190714,20180910,1200,,,
274.88,20190714,20180910,1215,,,
174.52,20190714,20180910,1230,,,
254.88,20190714,20180910,1245,,,
245.24,20190714,20180910,1300,,,
264.07,20190714,20180910,1315,,,
340.11,20190714,20180910,1330,,,
362.16,20190714,20180910,1345,,,
370.35,20190714,20180910,1400,,,
385.35,20190714,20180910,1415,,,
378.00,20190714,20180910,1430,,,
381.44,20190714,20180910,1445,,,
371.35,20190714,20180910,1500,,,
374.67,20190714,20180910,1515,,,
377.00,20190714,20180910,1530,,,
389.79,20190714,20180910,1545,,,
374.11,20190714,20180910,1600,,,
376.55,20190714,20180910,1615,,,
323.11,20190714,20180910,1630,,,
310.16,20190714,20180910,1645,,,
275.48,20190714,20180910,1700,,,
186.91,20190714,20180910,1715,,,
157.11,20190714,20180910,1730,,,
150.47,20190714,20180910,1745,,,
151.19,20190714,20180910,1800,,,
152.47,20190714,20180910,1815,,,
160.00,20190714,20180910,1830,,,
154.08,20190714,20180910,1845,,,
151.63,20190714,20180910,1900,,,
158.96,20190714,20180910,1915,,,
156.52,20190714,20180910,1930,,,
145.00,20190714,20180910,1945,,,
132.03,20190714,20180910,2000,,,
139.11,20190714,20180910,2015,,,
141.11,20190714,20180910,2030,,,
125.72,20190714,20180910,2045,,,
127.44,20190714,20180910,2100,,,
122.83,20190714,20180910,2115,,,
117.91,20190714,20180910,2130,,,
122.83,20190714,20180910,2145,,,
112.87,20190714,20180910,2200,,,
109.72,20190714,20180910,2215,,,
104.83,20190714,20180910,2230,,,
109.27,20190714,20180910,2245,,,
297.92,20190714,20180911,900,,,
293.04,20190714,20180911,915,,,
309.16,20190714,20180911,930,,,
316.79,20190714,20180911,945,,,
306.27,20190714,20180911,1000,,,
268.72,20190714,20180911,1015,,,
278.48,20190714,20180911,1030,,,
295.04,20190714,20180911,1045,,,
330.04,20190714,20180911,1100,,,
323.55,20190714,20180911,1115,,,
303.27,20190714,20180911,1130,,,
315.64,20190714,20180911,1145,,,
311.76,20190714,20180911,1200,,,
295.92,20190714,20180911,1215,,,
186.03,20190714,20180911,1230,,,
219.88,20190714,20180911,1245,,,
291.16,20190714,20180911,1300,,,
291.32,20190714,20180911,1315,,,
307.72,20190714,20180911,1330,,,
297.35,20190714,20180911,1345,,,
295.04,20190714,20180911,1400,,,
299.23,20190714,20180911,1415,,,
299.95,20190714,20180911,1430,,,
299.23,20190714,20180911,1445,,,
300.23,20190714,20180911,1500,,,
305.55,20190714,20180911,1515,,,
296.07,20190714,20180911,1530,,,
289.27,20190714,20180911,1545,,,
295.20,20190714,20180911,1600,,,
303.67,20190714,20180911,1615,,,
263.95,20190714,20180911,1630,,,
271.72,20190714,20180911,1645,,,
255.75,20190714,20180911,1700,,,
156.39,20190714,20180911,1715,,,
127.16,20190714,20180911,1730,,,
123.27,20190714,20180911,1745,,,
114.91,20190714,20180911,1800,,,
108.00,20190714,20180911,1815,,,
108.16,20190714,20180911,1830,,,
108.27,20190714,20180911,1845,,,
101.08,20190714,20180911,1900,,,
112.16,20190714,20180911,1915,,,
125.72,20190714,20180911,1930,,,
119.68,20190714,20180911,1945,,,
106.83,20190714,20180911,2000,,,
115.36,20190714,20180911,2015,,,
112.76,20190714,20180911,2030,,,
108.72,20190714,20180911,2045,,,
106.00,20190714,20180911,2100,,,
96.76,20190714,20180911,2115,,,
94.04,20190714,20180911,2130,,,
92.16,20190714,20180911,2145,,,
89.72,20190714,20180911,2200,,,
96.91,20190714,20180911,2215,,,
101.80,20190714,20180911,2230,,,
104.95,20190714,20180911,2245,,,
132.47,20190714,20180912,900,,,
118.95,20190714,20180912,915,,,
125.27,20190714,20180912,930,,,
117.63,20190714,20180912,945,,,
119.36,20190714,20180912,1000,,,
132.32,20190714,20180912,1015,,,
137.80,20190714,20180912,1030,,,
139.67,20190714,20180912,1045,,,
166.47,20190714,20180912,1100,,,
178.11,20190714,20180912,1115,,,
200.60,20190714,20180912,1130,,,
211.52,20190714,20180912,1145,,,
207.52,20190714,20180912,1200,,,
203.91,20190714,20180912,1215,,,
171.91,20190714,20180912,1230,,,
164.60,20190714,20180912,1245,,,
,20190714,20180912,1300,,,
141.83,20190714,20180912,1315,,,
162.00,20190714,20180912,1330,,,
155.80,20190714,20180912,1345,,,
161.44,20190714,20180912,1400,,,
160.27,20190714,20180912,1415,,,
171.52,20190714,20180912,1430,,,
186.75,20190714,20180912,1445,,,
179.11,20190714,20180912,1500,,,
169.47,20190714,20180912,1515,,,
179.55,20190714,20180912,1530,,,
181.00,20190714,20180912,1545,,,
188.08,20190714,20180912,1600,,,
189.08,20190714,20180912,1615,,,
189.19,20190714,20180912,1630,,,
177.39,20190714,20180912,1645,,,
172.36,20190714,20180912,1700,,,
162.44,20190714,20180912,1715,,,
134.80,20190714,20180912,1730,,,
135.52,20190714,20180912,1745,,,
129.88,20190714,20180912,1800,,,
128.16,20190714,20180912,1815,,,
123.83,20190714,20180912,1830,,,
133.36,20190714,20180912,1845,,,
140.11,20190714,20180912,1900,,,
134.80,20190714,20180912,1915,,,
149.75,20190714,20180912,1930,,,
130.60,20190714,20180912,1945,,,
135.52,20190714,20180912,2000,,,
120.23,20190714,20180912,2015,,,
134.63,20190714,20180912,2030,,,
122.55,20190714,20180912,2045,,,
122.12,20190714,20180912,2100,,,
119.95,20190714,20180912,2115,,,
113.91,20190714,20180912,2130,,,
117.80,20190714,20180912,2145,,,
115.19,20190714,20180912,2200,,,
118.51,20190714,20180912,2215,,,
128.16,20190714,20180912,2230,,,
125.55,20190714,20180912,2245,,,
294.48,20190714,20180913,900,,,
278.07,20190714,20180913,915,,,
278.07,20190714,20180913,930,,,
290.72,20190714,20180913,945,,,
302.23,20190714,20180913,1000,,,
307.88,20190714,20180913,1015,,,
289.27,20190714,20180913,1030,,,
284.55,20190714,20180913,1045,,,
305.83,20190714,20180913,1100,,,
302.95,20190714,20180913,1115,,,
311.20,20190714,20180913,1130,,,
312.64,20190714,20180913,1145,,,
300.51,20190714,20180913,1200,,,
272.44,20190714,20180913,1215,,,
185.03,20190714,20180913,1230,,,
204.75,20190714,20180913,1245,,,
263.07,20190714,20180913,1300,,,
249.55,20190714,20180913,1315,,,
277.48,20190714,20180913,1330,,,
292.60,20190714,20180913,1345,,,
287.55,20190714,20180913,1400,,,
299.95,20190714,20180913,1415,,,
295.20,20190714,20180913,1430,,,
307.72,20190714,20180913,1445,,,
301.39,20190714,20180913,1500,,,
301.51,20190714,20180913,1515,,,
292.88,20190714,20180913,1530,,,
303.11,20190714,20180913,1545,,,
299.35,20190714,20180913,1600,,,
295.64,20190714,20180913,1615,,,
297.07,20190714,20180913,1630,,,
290.00,20190714,20180913,1645,,,
263.95,20190714,20180913,1700,,,
182.60,20190714,20180913,1715,,,
128.32,20190714,20180913,1730,,,
122.83,20190714,20180913,1745,,,
109.00,20190714,20180913,1800,,,
101.80,20190714,20180913,1815,,,
118.51,20190714,20180913,1830,,,
112.48,20190714,20180913,1845,,,
120.08,20190714,20180913,1900,,,
111.87,20190714,20180913,1915,,,
130.16,20190714,20180913,1930,,,
117.36,20190714,20180913,1945,,,
109.72,20190714,20180913,2000,,,
111.59,20190714,20180913,2015,,,
109.87,20190714,20180913,2030,,,
104.55,20190714,20180913,2045,,,
107.12,20190714,20180913,2100,,,
103.12,20190714,20180913,2115,,,
106.40,20190714,20180913,2130,,,
94.31,20190714,20180913,2145,,,
91.00,20190714,20180913,2200,,,
100.51,20190714,20180913,2215,,,
106.72,20190714,20180913,2230,,,
110.59,20190714,20180913,2245,,,
348.64,20190714,20180914,900,,,
399.88,20190714,20180914,915,,,
392.95,20190714,20180914,930,,,
400.60,20190714,20180914,945,,,
400.76,20190714,20180914,1000,,,
403.64,20190714,20180914,1015,,,
402.48,20190714,20180914,1030,,,
392.39,20190714,20180914,1045,,,
386.07,20190714,20180914,1100,,,
369.51,20190714,20180914,1115,,,
361.27,20190714,20180914,1130,,,
353.23,20190714,20180914,1145,,,
365.48,20190714,20180914,1200,,,
281.67,20190714,20180914,1215,,,
168.63,20190714,20180914,1230,,,
214.39,20190714,20180914,1245,,,
258.04,20190714,20180914,1300,,,
254.88,20190714,20180914,1315,,,
304.11,20190714,20180914,1330,,,
341.83,20190714,20180914,1345,,,
365.92,20190714,20180914,1400,,,
360.27,20190714,20180914,1415,,,
357.55,20190714,20180914,1430,,,
367.48,20190714,20180914,1445,,,
362.00,20190714,20180914,1500,,,
372.95,20190714,20180914,1515,,,
369.20,20190714,20180914,1530,,,
358.72,20190714,20180914,1545,,,
314.92,20190714,20180914,1600,,,
281.23,20190714,20180914,1615,,,
284.55,20190714,20180914,1630,,,
293.92,20190714,20180914,1645,,,
213.55,20190714,20180914,1700,,,
156.80,20190714,20180914,1715,,,
137.36,20190714,20180914,1730,,,
124.72,20190714,20180914,1745,,,
120.80,20190714,20180914,1800,,,
116.63,20190714,20180914,1815,,,
117.19,20190714,20180914,1830,,,
114.04,20190714,20180914,1845,,,
117.51,20190714,20180914,1900,,,
133.75,20190714,20180914,1915,,,
131.47,20190714,20180914,1930,,,
130.47,20190714,20180914,1945,,,
114.76,20190714,20180914,2000,,,
117.91,20190714,20180914,2015,,,
124.55,20190714,20180914,2030,,,
112.04,20190714,20180914,2045,,,
113.59,20190714,20180914,2100,,,
110.59,20190714,20180914,2115,,,
110.16,20190714,20180914,2130,,,
107.12,20190714,20180914,2145,,,
117.19,20190714,20180914,2200,,,
116.91,20190714,20180914,2215,,,
115.76,20190714,20180914,2230,,,
117.08,20190714,20180914,2245,,,
